{"cameraMode":{"drawMode":0,"name":"Shaded","section":"Shading Mode"},"sceneLighting":true,"audioPlay":false,"sceneViewState":{"showFog":true,"showMaterialUpdate":false,"showSkybox":true,"showFlares":true,"showImageEffects":true,"showParticleSystems":true},"in2DMode":false,"pivot":{"x":67.07096099853516,"y":-23.449508666992189,"z":156.736572265625},"rotation":{"x":0.268187940120697,"y":0.6252343654632568,"z":-0.24243108928203584,"w":0.6916579604148865},"size":112.61024475097656,"orthographic":false}