{"cameraMode":{"drawMode":0,"name":"Shaded","section":"Shading Mode"},"sceneLighting":true,"audioPlay":false,"sceneViewState":{"showFog":true,"showMaterialUpdate":false,"showSkybox":true,"showFlares":true,"showImageEffects":true,"showParticleSystems":true},"in2DMode":false,"pivot":{"x":47.29241943359375,"y":-12.465059280395508,"z":159.76284790039063},"rotation":{"x":-0.21391093730926515,"y":-0.09418793767690659,"z":0.020728595554828645,"w":-0.9720827341079712},"size":20.334613800048829,"orthographic":false}