{"cameraMode":{"drawMode":0,"name":"Shaded","section":"Shading Mode"},"sceneLighting":false,"audioPlay":false,"sceneViewState":{"showFog":true,"showMaterialUpdate":false,"showSkybox":false,"showFlares":true,"showImageEffects":true,"showParticleSystems":true},"in2DMode":false,"pivot":{"x":37.06999969482422,"y":1.7899999618530274,"z":150.0},"rotation":{"x":-0.011423132382333279,"y":0.9826228618621826,"z":-0.17363274097442628,"w":-0.06465627253055573},"size":0.4330126941204071,"orthographic":false}