{"cameraMode":{"drawMode":0,"name":"Shaded","section":"Shading Mode"},"sceneLighting":true,"audioPlay":false,"sceneViewState":{"showFog":true,"showMaterialUpdate":false,"showSkybox":true,"showFlares":true,"showImageEffects":true,"showParticleSystems":true},"in2DMode":false,"pivot":{"x":15.722360610961914,"y":-52.257652282714847,"z":17.346435546875},"rotation":{"x":-0.011423132382333279,"y":0.9826228618621826,"z":-0.17363274097442628,"w":-0.06465627253055573},"size":151.98097229003907,"orthographic":false}